{
  "posts": [
    {
      "id": 1,
      "title": "json-server",
      "author": "typicode"
    },
    {
      "id": 2
    },
    {
      "id": 3
    },
    {
      "id": 4
    },
    {
      "id": 5
    },
    {
      "id": 6
    },
    {
      "id": 7
    },
    {
      "id": 8
    },
    {
      "id": 9
    },
    {
      "id": 10
    },
    {
      "id": 11
    },
    {
      "id": 12
    },
    {
      "id": 13
    },
    {
      "id": 14
    },
    {
      "playlistname": "hello",
      "id": 15
    },
    {
      "playlistname": "abcd",
      "id": 16
    },
    {
      "playlistname": "abcd",
      "id": 17
    },
    {
      "playlistname": "abcd",
      "id": 18
    },
    {
      "playlistname": "q",
      "id": 19
    },
    {
      "playlistname": "",
      "id": 20
    },
    {
      "playlistname": "hello",
      "id": 21
    },
    {
      "playlistname": "hello",
      "id": 22
    },
    {
      "playlistname": "abcd",
      "id": 23
    },
    {
      "playlistname": "abcd",
      "id": 24
    },
    {
      "playlistname": "abcd",
      "id": 25
    },
    {
      "playlistname": "q",
      "id": 26
    },
    {
      "playlistname": "hello",
      "id": 27
    },
    {
      "playlistname": "abcd",
      "id": 28
    },
    {
      "playlistname": "abcd",
      "id": 29
    },
    {
      "playlistname": "abcd",
      "id": 30
    },
    {
      "playlistname": "q",
      "id": 31
    },
    {
      "playlistname": "",
      "id": 32
    },
    {
      "playlistname": "hello",
      "id": 33
    },
    {
      "playlistname": "hello",
      "id": 34
    },
    {
      "playlistname": "abcd",
      "id": 35
    },
    {
      "playlistname": "abcd",
      "id": 36
    },
    {
      "playlistname": "abcd",
      "id": 37
    },
    {
      "playlistname": "q",
      "id": 38
    },
    {
      "playlistname": "",
      "id": 39
    },
    {
      "playlistname": "hello",
      "id": 40
    },
    {
      "playlistname": "hello",
      "id": 41
    },
    {
      "playlistname": "abcd",
      "id": 42
    },
    {
      "playlistname": "abcd",
      "id": 43
    },
    {
      "playlistname": "abcd",
      "id": 44
    },
    {
      "playlistname": "q",
      "id": 45
    },
    {
      "playlistname": "",
      "id": 46
    },
    {
      "playlistname": "hello",
      "id": 47
    },
    {
      "playlistsongs": "As It Was",
      "id": 48
    },
    {
      "playlistsongs": "STAY (with Justin Bieber)",
      "id": 49
    },
    {
      "playlistsongs": "As It Was",
      "id": 50
    },
    {
      "playlistsongs": "STAY (with Justin Bieber)",
      "id": 51
    },
    {
      "playlistsongs": "Woman",
      "id": 52
    },
    {
      "playlistsongs": "Night Changes",
      "id": 53
    },
    {
      "playlistsongs": "As It Was",
      "id": 54
    },
    {
      "playlistsongs": "STAY (with Justin Bieber)",
      "id": 55
    },
    {
      "playlistsongs": "As It Was",
      "id": 56
    },
    {
      "playlistsongs": "STAY (with Justin Bieber)",
      "id": 57
    },
    {
      "playlistsongs": "As It Was",
      "id": 58
    },
    {
      "playlistsongs": "As It Was",
      "id": 59
    },
    {
      "playlistsongs": "STAY (with Justin Bieber)",
      "id": 60
    },
    {
      "playlistsongs": "As It Was",
      "id": 61
    },
    {
      "playlistsongs": "STAY (with Justin Bieber)",
      "id": 62
    },
    {
      "playlistsongs": "Woman",
      "id": 63
    },
    {
      "playlistsongs": "Night Changes",
      "id": 64
    },
    {
      "playlistsongs": "Night Changes",
      "id": 65
    },
    {
      "playlistsongs": "As It Was",
      "id": 66
    },
    {
      "playlistsongs": "STAY (with Justin Bieber)",
      "id": 67
    },
    {
      "playlistsongs": "As It Was",
      "id": 68
    },
    {
      "playlistsongs": "STAY (with Justin Bieber)",
      "id": 69
    },
    {
      "playlistsongs": "As It Was",
      "id": 70
    }
  ],
  "comments": [
    {
      "id": 1,
      "body": "some comment",
      "postId": 1
    }
  ],
  "profile": {
    "name": "typicode"
  }
}